--test data insertion sctipt
--supplied by Bryn

--Location:
INSERT INTO Location.Location (StreetAddress, City, Region, Zip) 
VALUES	(N'3521 Quam. Avenue', N'Carcassonne', N'Languedoc-Roussillon', '531486'), 
		(N'P.O. Box 776, 7543 Convallis Rd.', N'Yeongju', N'North Gyeongsang', '17-430'), 
		(N'P.O. Box 104, 7865 Vitae Avenue', N'Bogor',  N'JB', '08022'), 
		(N'2483 Nulla St.', N'Orhangazi', N'Bur', '601285'), 
		(N'271-191 Nisl Street', N'San José de Alajuela',  N'Alajuela', '88855'), 
		(N'P.O. Box 898, 3981 Interdum. Avenue', N'Rionegro', N'ANT', '3438'), 
		(N'755-3851 Convallis St.', N'Belfast',  N'Ulster', '6642'), 
		(N'6784 Rhoncus Avenue',  N'Istanbul', N'Istanbul', '82247'), 
		(N'P.O. Box 211, 4162 Faucibus St.',  N'Olcenengo', N'PIE', '87330'), 
		(N'427-9420 Mauris. Ave',  N'Mariquina',  N'Los Ríos', '781107');
--Stock
/*
INSERT INTO Location.Stock(LocationId, PartId, Quantity)
VALUES
			(N'3521 Quam. Avenue', N'tincidunt', 68), (N'3521 Quam. Avenue', N'ipsum porta', 291), (N'3521 Quam. Avenue', N'a,  arcu.', 433), (N'3521 Quam. Avenue', N'Aliquam', 410), (N'3521 Quam. Avenue', N'a ultricies', 391), (N'3521 Quam. Avenue', N'non, ', 32), (N'3521 Quam. Avenue', N'sem', 130), (N'3521 Quam. Avenue', N'Proin sed', 60), (N'3521 Quam. Avenue', N'semper', 253), (N'3521 Quam. Avenue', N'Cras pellentesque.', 389), (N'3521 Quam. Avenue', N'et ultrices', 230), 
			(N'3521 Quam. Avenue', N'dapibus', 241), (N'3521 Quam. Avenue', N'eget varius', 333), (N'3521 Quam. Avenue', N'nisl sem, ', 194), (N'3521 Quam. Avenue', N'est,  mollis', 403), (N'3521 Quam. Avenue', N'dapibus quam', 107), (N'3521 Quam. Avenue', N'dignissim pharetra.', 48), (N'3521 Quam. Avenue', N'ut,  pellentesque', 249), (N'3521 Quam. Avenue', N'Integer', 14), (N'3521 Quam. Avenue', N'Curabitur', 457), (N'3521 Quam. Avenue', N'sit', 427), 
			(N'3521 Quam. Avenue', N'lorem', 199), (N'3521 Quam. Avenue', N'purus. Maecenas', 221), (N'3521 Quam. Avenue', N'Quisque', 311), (N'3521 Quam. Avenue', N'elit,  a', 390), (N'3521 Quam. Avenue', N'cursus', 392), (N'3521 Quam. Avenue', N'ut quam', 1), (N'3521 Quam. Avenue', N'cursus et, ', 356), (N'3521 Quam. Avenue', N'dolor', 228), (N'3521 Quam. Avenue', N'tempus', 136), (N'3521 Quam. Avenue', N'no', 369), 
			(N'3521 Quam. Avenue', N'dolor.', 410), (N'3521 Quam. Avenue', N'mi,  ac', 117), (N'3521 Quam. Avenue', N'arcu. Vestibulum', 302), (N'3521 Quam. Avenue', N'elit,  pharetra', 483), (N'3521 Quam. Avenue', N'semper, ', 52), (N'3521 Quam. Avenue', N'vitae,  orci.', 461), (N'3521 Quam. Avenue', N'Aliquam auctor, ', 162), (N'3521 Quam. Avenue', N'vitae mauris', 15), (N'3521 Quam. Avenue', N'neque.', 11), (N'3521 Quam. Avenue', N'Integer mollis.', 13), 
			(N'3521 Quam. Avenue', N'vitae mauris', 332), (N'3521 Quam. Avenue', N'purus,  i', 277), (N'3521 Quam. Avenue', N'orci, ', 4), (N'3521 Quam. Avenue', N'dictum eu, ', 480), (N'3521 Quam. Avenue', N'ac', 451), (N'3521 Quam. Avenue', N'egestas rhoncus.', 195), (N'3521 Quam. Avenue', N'auctor', 351), (N'3521 Quam. Avenue', N'risus.', 110), (N'3521 Quam. Avenue', N'Duis', 496), (N'P.O. Box 776, 7543 Convallis Rd.', N'tincidunt', 216), 
			(N'P.O. Box 776, 7543 Convallis Rd.', N'ipsum porta', 371), (N'P.O. Box 776, 7543 Convallis Rd.', N'a,  arcu.', 14), (N'P.O. Box 776, 7543 Convallis Rd.', N'Aliquam', 270), (N'P.O. Box 776, 7543 Convallis Rd.', N'a ultricies', 113), (N'P.O. Box 776, 7543 Convallis Rd.', N'non, ', 391), (N'P.O. Box 776, 7543 Convallis Rd.', N'sem', 224), (N'P.O. Box 776, 7543 Convallis Rd.', N'Proin sed', 480), (N'P.O. Box 776, 7543 Convallis Rd.', N'semper', 253), (N'P.O. Box 776, 7543 Convallis Rd.', N'Cras pellentesque.', 283), (N'P.O. Box 776, 7543 Convallis Rd.', N'et ultrices', 119), 
			(N'P.O. Box 776, 7543 Convallis Rd.', N'dapibus', 176), (N'P.O. Box 776, 7543 Convallis Rd.', N'eget varius', 118), (N'P.O. Box 776, 7543 Convallis Rd.', N'nisl sem, ', 346), (N'P.O. Box 776, 7543 Convallis Rd.', N'est,  mollis', 112), (N'P.O. Box 776, 7543 Convallis Rd.', N'dapibus quam', 389), (N'P.O. Box 776, 7543 Convallis Rd.', N'dignissim pharetra.', 235), (N'P.O. Box 776, 7543 Convallis Rd.', N'ut,  pellentesque', 487), (N'P.O. Box 776, 7543 Convallis Rd.', N'Integer', 148), (N'P.O. Box 776, 7543 Convallis Rd.', N'Curabitur', 474), (N'P.O. Box 776, 7543 Convallis Rd.', N'sit', 11), 
			(N'P.O. Box 776, 7543 Convallis Rd.', N'lorem', 213), (N'P.O. Box 776, 7543 Convallis Rd.', N'purus. Maecenas', 428), (N'P.O. Box 776, 7543 Convallis Rd.', N'Quisque', 469), (N'P.O. Box 776, 7543 Convallis Rd.', N'elit,  a', 284), (N'P.O. Box 776, 7543 Convallis Rd.', N'cursus', 472), (N'P.O. Box 776, 7543 Convallis Rd.', N'ut quam', 328), (N'P.O. Box 776, 7543 Convallis Rd.', N'cursus et, ', 51), (N'P.O. Box 776, 7543 Convallis Rd.', N'dolor', 95), (N'P.O. Box 776, 7543 Convallis Rd.', N'tempus', 322), (N'P.O. Box 776, 7543 Convallis Rd.', N'no', 370), 
			(N'P.O. Box 776, 7543 Convallis Rd.', N'dolor.', 440), (N'P.O. Box 776, 7543 Convallis Rd.', N'mi,  ac', 151), (N'P.O. Box 776, 7543 Convallis Rd.', N'arcu. Vestibulum', 61), (N'P.O. Box 776, 7543 Convallis Rd.', N'elit,  pharetra', 380), (N'P.O. Box 776, 7543 Convallis Rd.', N'semper, ', 170), (N'P.O. Box 776, 7543 Convallis Rd.', N'vitae,  orci.', 458), (N'P.O. Box 776, 7543 Convallis Rd.', N'Aliquam auctor, ', 369), (N'P.O. Box 776, 7543 Convallis Rd.', N'vitae mauris', 498), (N'P.O. Box 776, 7543 Convallis Rd.', N'neque.', 364), (N'P.O. Box 776, 7543 Convallis Rd.', N'Integer mollis.', 256), 
			(N'P.O. Box 776, 7543 Convallis Rd.', N'vitae mauris', 479), (N'P.O. Box 776, 7543 Convallis Rd.', N'purus,  i', 495), (N'P.O. Box 776, 7543 Convallis Rd.', N'orci, ', 216), (N'P.O. Box 776, 7543 Convallis Rd.', N'dictum eu, ', 259), (N'P.O. Box 776, 7543 Convallis Rd.', N'ac', 424), (N'P.O. Box 776, 7543 Convallis Rd.', N'egestas rhoncus.', 466), (N'P.O. Box 776, 7543 Convallis Rd.', N'auctor', 343), (N'P.O. Box 776, 7543 Convallis Rd.', N'risus.', 97), (N'P.O. Box 776, 7543 Convallis Rd.', N'Duis', 155), (N'P.O. Box 104, 7865 Vitae Avenue', N'tincidunt', 145);
			--some of this data is cut off.
*/
--Appointments
INSERT Location.Appointments(LocationId, RepairId, CustomerId, AppointmentTime)
SELECT L.LocationId, R.RepairID, C.CustomerID, A.AppointmentTime
FROM
      (
         VALUES
            (N'427-9420 Mauris. Ave', N'In condimentum.', N'Roth Mullins', N'2020-06-21 11:13:00'), (N'P.O. Box 776, 7543 Convallis Rd.', N'pede blandit', N'Cora Carlson', N'2021-06-17 09:50:43'), (N'6784 Rhoncus Avenue', N'et malesuada', N'Preston Contreras', N'2022-01-20 21:57:45'), (N'P.O. Box 776, 7543 Convallis Rd.', N'dolor. Nulla', N'Fitzgerald Daniels', N'2020-08-12 21:25:00'), (N'755-3851 Convallis St.', N'Fusce fermentum', N'Cora Carlson', N'2021-03-08 10:34:53'), (N'3521 Quam. Avenue', N'odio a', N'Lacy Mooney', N'2021-05-03 01:24:21'), (N'2483 Nulla St.', N'penatibus et', N'Zeus Terry', N'2021-11-17 17:15:16'), (N'3521 Quam. Avenue', N'vitae, erat.', N'Fitzgerald Daniels', N'2019-10-18 03:34:31'), (N'P.O. Box 211, 4162 Faucibus St.', N'euismod est', N'Preston Contreras', N'2022-03-14 16:56:19'), (N'2483 Nulla St.', N'Donec felis', N'Melissa Trevino', N'2022-01-22 02:46:01'), (N'P.O. Box 211, 4162 Faucibus St.', N'parturient montes, N', N'Cora Carlson', N'2019-05-07 07:14:35'), 
			(N'6784 Rhoncus Avenue', N'Sed dictum.', N'Nina Gonzalez', N'2021-10-30 11:45:01'), (N'2483 Nulla St.', N'parturient montos, N', N'Bo Franklin', N'2020-09-21 21:39:48'), (N'6784 Rhoncus Avenue', N'a, dui.', N'Nasim Madden', N'2020-11-12 01:21:28'), (N'P.O. Box 211, 4162 Faucibus St.', N'Morbi metus.', N'Ashton House', N'2020-10-23 02:32:59'), (N'271-191 Nisl Street', N'dictum. Phasellus', N'Callum Bentley', N'2021-07-25 03:09:31'), (N'P.O. Box 211, 4162 Faucibus St.', N'Nullam scelerisque', N'Alexa Harrington', N'2022-01-06 20:51:34'), (N'2483 Nulla St.', N'iaculis odio.', N'Keefe Graves', N'2019-06-03 07:04:21'), (N'6784 Rhoncus Avenue', N'et magnis', N'Oprah House', N'2020-04-02 13:16:28'), (N'3521 Quam. Avenue', N'et magnis', N'Kim Fowler', N'2022-04-10 00:46:54'), (N'755-3851 Convallis St.', N'id enim.', N'Raphael Stevenson', N'2022-05-03 02:29:04'), 
			(N'P.O. Box 898, 3981 Interdum. Avenue', N'ultricies sem', N'Ashely Sharpe', N'2021-08-11 07:59:35'), (N'P.O. Box 898, 3981 Interdum. Avenue', N'sit amat', N'Paul Kane', N'2022-03-26 11:28:03'), (N'P.O. Box 211, 4162 Faucibus St.', N'id, blandit', N'August Patrick', N'2022-04-21 22:29:18'), (N'P.O. Box 211, 4162 Faucibus St.', N'bibendum sed, N', N'Rhonda Ferguson', N'2021-09-20 02:18:23'), (N'3521 Quam. Avenue', N'lectus, a', N'Ivan Frederick', N'2020-03-26 22:37:40'), (N'427-9420 Mauris. Ave', N'erat. Etiam', N'Hiroko Saunders', N'2020-08-24 20:02:45'), (N'P.O. Box 104, 7865 Vitae Avenue', N'non nisi.', N'Alexa Harrington', N'2020-11-13 08:10:54'), (N'3521 Quam. Avenue', N'Door sceleris', N'Sybil Hooper', N'2020-11-01 11:22:18'), (N'P.O. Box 211, 4162 Faucibus St.', N'Mauris no', N'Jasmine Barrett', N'2020-01-10 12:42:29'), (N'P.O. Box 898, 3981 Interdum. Avenue', N'viverra. Maecenas', N'Selma Justice', N'2020-05-02 01:30:30'), 
			(N'271-191 Nisl Street', N'malesuada fames', N'Oscar Lane', N'2021-10-26 21:35:14'), (N'3521 Quam. Avenue', N'pellentesque eget, N', N'Howard Kirkland', N'2022-02-14 23:46:37'), (N'P.O. Box 104, 7865 Vitae Avenue', N'viverra. Maecenas', N'August Patrick', N'2020-04-13 11:15:47'), (N'2483 Nulla St.', N'ac, eleifend', N'Jeremy Maddox', N'2022-03-11 15:17:00'), (N'P.O. Box 898, 3981 Interdum. Avenue', N'adipiscing elit.', N'Oscar Lane', N'2021-01-03 22:36:35'), (N'P.O. Box 211, 4162 Faucibus St.', N'Vivamus molestie', N'Harlan Jefferson', N'2022-06-28 01:02:40'), (N'755-3851 Convallis St.', N'pede ac', N'Vincent Flores', N'2019-08-20 11:26:02'), (N'P.O. Box 211, 4162 Faucibus St.', N'Car condimentum.', N'Nash Stanley', N'2020-08-06 05:22:05'), (N'6784 Rhoncus Avenue', N'Nullam scelerisque', N'Fitzgerald Daniels', N'2022-05-17 12:58:23'), (N'P.O. Box 104, 7865 Vitae Avenue', N'Door sceleris', N'Hiroko Saunders', N'2020-04-17 06:55:54'), 
			(N'P.O. Box 776, 7543 Convallis Rd.', N'dictum. Phasellus', N'Mia Kidd', N'2020-10-07 05:22:22'), (N'P.O. Box 776, 7543 Convallis Rd.', N'Donec consectetuer', N'Nasim Madden', N'2019-12-04 03:35:48'), (N'3521 Quam. Avenue', N'et malesuada', N'Leilani Solis', N'2019-04-05 12:55:47'), (N'2483 Nulla St.', N'egestas a, N', N'Sawyer Mullen', N'2019-10-13 17:57:15'), (N'P.O. Box 104, 7865 Vitae Avenue', N'scelerisque dui.', N'Hayden Barron', N'2022-11-08 18:08:10'), (N'P.O. Box 104, 7865 Vitae Avenue', N'amet massa.', N'Mia Kidd', N'2021-08-30 20:00:41'), (N'P.O. Box 104, 7865 Vitae Avenue', N'Aenean eget', N'Inez Schroeder', N'2020-06-07 08:21:11'), (N'271-191 Nisl Street', N'vitae, orci.', N'Ashely Sharpe', N'2021-06-10 20:05:42'), (N'6784 Rhoncus Avenue', N'magnis dis', N'Sawyer Mullen', N'2022-10-12 02:35:36'), (N'271-191 Nisl Street', N'parturient montes, N', N'Octavius Marsh', N'2020-10-23 05:08:05'), 
			(N'2483 Nulla St.', N'Morbi metus.', N'Zeus Terry', N'2019-04-18 22:59:20'), (N'P.O. Box 211, 4162 Faucibus St.', N'pede blandit', N'Walter Velez', N'2020-07-15 03:03:22'), (N'3521 Quam. Avenue', N'euismod in, N', N'Nasim Madden', N'2020-06-21 23:47:50'), (N'P.O. Box 104, 7865 Vitae Avenue', N'non nisi.', N'Melissa Trevino', N'2019-09-03 11:06:25'), (N'6784 Rhoncus Avenue', N'bibendum sed, N', N'Alexa Harrington', N'2022-11-23 18:36:01'), (N'755-3851 Convallis St.', N'molestie in, N', N'Bo Franklin', N'2020-12-27 10:09:17'), (N'P.O. Box 211, 4162 Faucibus St.', N'posuere at, N', N'Bo Franklin', N'2021-05-11 09:04:27'), (N'3521 Quam. Avenue', N'Aenean eget', N'Adam Carrillo', N'2022-01-31 03:39:17'), (N'P.O. Box 898, 3981 Interdum. Avenue', N'ut ipsum', N'Kyla Raymond', N'2022-08-02 04:46:19'), (N'3521 Quam. Avenue', N'semper tellus', N'Yen Bowman', N'2019-12-06 04:47:22'), 
			(N'2483 Nulla St.', N'malesuada malesuada.', N'Buckminster Emerson', N'2021-09-26 22:49:56'), (N'P.O. Box 776, 7543 Convallis Rd.', N'rutrum. Fusce', N'Yen Bowman', N'2021-08-11 05:53:03'), (N'P.O. Box 104, 7865 Vitae Avenue', N'id enim.', N'Conan Arnold', N'2020-02-16 22:08:29'), (N'P.O. Box 104, 7865 Vitae Avenue', N'pede blandit', N'Lael Baldwin', N'2019-06-02 20:30:26'), (N'427-9420 Mauris. Ave', N'Donec consectetuer', N'Conan Arnold', N'2022-11-12 16:29:35'), (N'P.O. Box 104, 7865 Vitae Avenue', N'malesuada fames', N'Ella Levy', N'2019-11-08 22:43:51'), (N'P.O. Box 211, 4162 Faucibus St.', N'scelerisque dui.', N'Preston Contreras', N'2019-10-25 03:49:41'), (N'P.O. Box 898, 3981 Interdum. Avenue', N'Vivamus molestie', N'Noah Mitchell', N'2021-01-18 15:33:55'), (N'755-3851 Convallis St.', N'ut ipsum', N'Lucian Russo', N'2022-02-12 16:48:58'), (N'P.O. Box 776, 7543 Convallis Rd.', N'imperdiet non, N', N'Noelani Steele', N'2020-01-17 00:41:25'), 
			(N'P.O. Box 211, 4162 Faucibus St.', N'ullamcorper, velit', N'Nasim Madden', N'2020-02-14 05:41:24'), (N'427-9420 Mauris. Ave', N'magnis dis', N'Keefe Graves', N'2022-08-28 09:45:07'), (N'P.O. Box 104, 7865 Vitae Avenue', N'cursus in, N', N'MacKenzie Mendez', N'2020-01-01 08:52:35'), (N'P.O. Box 104, 7865 Vitae Avenue', N'In scelerisque', N'Bevis Clayton', N'2019-04-22 09:18:54'), (N'271-191 Nisl Street', N'nisl. Quisque', N'Ashton House', N'2019-10-05 21:14:16'), (N'P.O. Box 211, 4162 Faucibus St.', N'dui, nec', N'Kelsie Thomas', N'2021-08-15 19:50:43'), (N'6784 Rhoncus Avenue', N'Car condimentum.', N'Lani Macias', N'2021-07-24 19:58:07'), (N'P.O. Box 776, 7543 Convallis Rd.', N'Quisque imperdiet, N', N'Ivan Frederick', N'2020-05-07 12:28:36'), (N'P.O. Box 104, 7865 Vitae Avenue', N'diam. Pellentesque', N'Candice Foreman', N'2022-01-04 00:12:59'), (N'2483 Nulla St.', N'Car condimentum.', N'Cora Carlson', N'2021-02-15 21:20:21'), 
			(N'427-9420 Mauris. Ave', N'Nullam scelerisque', N'Mia Kidd', N'2022-08-25 17:55:06'), (N'P.O. Box 898, 3981 Interdum. Avenue', N'libero at', N'Sawyer Mullen', N'2021-10-22 18:30:42'), (N'2483 Nulla St.', N'ullamcorper, velit', N'August Patrick', N'2022-06-14 08:21:06'), (N'6784 Rhoncus Avenue', N'Ut semper', N'Hiroko Saunders', N'2020-11-03 14:48:27'), (N'P.O. Box 776, 7543 Convallis Rd.', N'dolor dolor, N', N'Ivan Frederick', N'2022-04-27 03:23:53'), (N'P.O. Box 776, 7543 Convallis Rd.', N'diam. Duis', N'Signe Reynolds', N'2021-12-15 16:30:44'), (N'P.O. Box 898, 3981 Interdum. Avenue', N'malesuada malesuada.', N'Nash Stanley', N'2019-10-27 17:02:50'), (N'755-3851 Convallis St.', N'et magnis', N'Shafira Gonzales', N'2021-09-12 05:54:54'), (N'2483 Nulla St.', N'dolor dolor, N', N'Tobias Short', N'2022-11-09 08:03:16'), (N'P.O. Box 898, 3981 Interdum. Avenue', N'penatibus et', N'Conan Arnold', N'2019-08-20 02:04:36')
      ) A(StreetAddress, RepairName, CustomerName, AppointmentTime)
   INNER JOIN Location.Location L ON L.StreetAddress = A.StreetAddress
   INNER JOIN Location.Repairs R ON R.RepairName = A.RepairName
   INNER JOIN Location.Customers C ON C.CustomerName = A.CustomerName;
--EmployeesLocaion
--Parts
INSERT INTO Location.Parts (PartName, Price) 
VALUES	(N'tincidunt', '$295.84'), (N'ipsum porta', '$309.62'), (N'a,  arcu.', '$192.17'), (N'Aliquam', '$430.65'), (N'a ultricies', '$368.96'), (N'non, ', '$75.50'), (N'sem', '$450.75'), (N'Proin sed', '$399.02'), (N'semper', '$125.12'), (N'Cras pellentesque.', '$85.39'),
		(N'et ultrices', '$4.88'), (N'dapibus', '$409.22'), (N'eget varius', '$218.85'), (N'nisl sem, ', '$50.73'), (N'est,  mollis', '$455.19'), (N'dapibus quam', '$66.95'), (N'dignissim pharetra.', '$112.51'), (N'ut,  pellentesque', '$401.06'), (N'Integer', '$392.24'), (N'Curabitur', '$85.06'),
		(N'sit', '$393.90'), (N'lorem', '$410.19'), (N'purus. Maecenas', '$361.42'), (N'Quisque', '$306.09'), (N'elit,  a', '$46.24'), (N'cursus', '$383.67'), (N'ut quam', '$434.78'), (N'cursus et, ', '$297.66'), (N'dolor', '$232.15'), (N'tempus', '$69.66'),
		(N'non', '$471.88'), (N'dolor.', '$123.31'), (N'mi,  ac', '$385.00'), (N'arcu. Vestibulum', '$233.87'), (N'elit,  pharetra', '$297.25'), (N'semper, ', '$161.32'), (N'vitae,  orci.', '$394.03'), (N'Aliquam auctor, ', '$402.25'), (N'vitae mauris', '$490.73'), (N'neque.', '$366.12'),
		(N'Integer mollis.', '$58.53'), (N'vitae mauris', '$316.77'), (N'purus,  in', '$453.69'), (N'orci, ', '$174.47'), (N'dictum eu, ', '$3.07'), (N'ac', '$175.29'), (N'egestas rhoncus.', '$405.16'), (N'auctor', '$93.02'), (N'risus.', '$307.54'), (N'Duis', '$59.25')
--Customers
INSERT INTO Location.Customers (CustomerName, vinnumber) 
VALUES	(N'Vincent Flores', '55637244799'), (N'Randall Park', '17407868999'), (N'Nasim Madden', '28522458199'), (N'Fitzgerald Daniels', '81985140099'), (N'Tiger Rivas', '05544670599'), (N'Ivan Frederick', '64488588499'), (N'Yvonne Neal', '80366288099'), (N'Jeremy Maddox', '71485793899'), (N'Roth Mullins', '23871567099'), (N'Hollee Stanton', '47250823999'),
		(N'Tobias Short', '79643069999'), (N'Phillip Clayton', '22867999399'), (N'Ashton House', '30565743799'), (N'Zeus Terry', '06434275099'), (N'Sawyer Mullen', '01866451899'), (N'Nissim Griffith', '37617835399'), (N'Ina Francis', '53357005299'), (N'Joan Collins', '86805676799'), (N'Signe Reynolds', '63795287999'), (N'Gregory Kaufman', '19288425799'),
		(N'Celeste Durham', '01472971899'), (N'Candice Foreman', '17872915399'), (N'Clare Strickland', '21972988699'), (N'Martin Watts', '52469605699'), (N'Lucian Russo', '63345774799'), (N'Sybil Hooper', '19923120199'), (N'Noah Mitchell', '83901901999'), (N'Kimberley Graham', '30766651099'), (N'Bo Franklin', '25858158599'), (N'Nina Gonzalez', '97637670799'),
		(N'Emma Weeks', '99749330799'), (N'Kim Fowler', '90856472499'), (N'Mia Kidd', '26615786499'), (N'Armand Armstrong', '13470823499'), (N'Inez Schroeder', '76260884599'), (N'Mary Petty', '40324755999'), (N'Keefe Graves', '19223747099'), (N'Hayden Barron', '46753809599'), (N'Yen Bowman', '23434074299'), (N'Buckminster Emerson', '56417387299'),
		(N'Alea Burke', '17789739899'), (N'MacKenzie Mendez', '74709810599'), (N'Maggy Fields', '69688567799'), (N'Octavius Marsh', '57262557099'), (N'Blaze Beard', '18954154499'), (N'Selma Justice', '99566359499'), (N'Colton Martinez', '85467730499'), (N'Rhonda Ferguson', '57848869999'), (N'Preston Contreras', '62731170299'), (N'Noelani Steele', '04523573499'),
		(N'Oprah House', '56998928199'), (N'Jasmine Barrett', '36841250699'), (N'Patricia Farrell', '17711946099'), (N'Caesar Horn', '27925542499'), (N'Bevis Clayton', '47806895999'), (N'Zenaida Macias', '99724973199'), (N'Paul Kane', '81496228199'), (N'Lacy Mooney', '11389460499'), (N'Harriet Dejesus', '43228268699'), (N'Hayden Burris', '81822738999'),
		(N'Jasper Whitehead', '04508685799'), (N'Ila Serrano', '85624290699'), (N'Harlan Jefferson', '06556677399'), (N'Hall Snyder', '41677065399'), (N'Alexa Harrington', '77511799199'), (N'Shea Osborn', '06484924199'), (N'Amanda Bond', '50800875399'), (N'Nigel Hurst', '11345698499'), (N'Lani Macias', '00690242199'), (N'Price Ashley', '48812867899'),
		(N'Oscar Lane', '64451705499'), (N'Lael Baldwin', '93683436499'), (N'Conan Arnold', '22284720999'), (N'Shafira Gonzales', '47545298399'), (N'Hiroko Saunders', '02254945299'), (N'Priscilla Abbott', '42294505199'), (N'Quentin Ashley', '43798919299'), (N'Walter Velez', '12690526499'), (N'Nash Stanley', '81497228799'), (N'Hoyt Lang', '10627941299'),
		(N'Kyla Raymond', '18398757899'), (N'Risa Flynn', '86993025199'), (N'Conan Rivers', '51923288999'), (N'Gareth Ramirez', '52714828399'), (N'Winter Nunez', '82463755299'), (N'Raphael Stevenson', '72656886299'), (N'Adam Carrillo', '54362043799'), (N'Kelsie Thomas', '11725155399'), (N'Skyler Marquez', '26208278899'), (N'Ashely Sharpe', '90278531199'),
		(N'Ella Levy', '78315681299'), (N'Linda Orr', '91977046699'), (N'Melissa Trevino', '11561671599'), (N'Cole Turner', '19999684799'), (N'Howard Kirkland', '48830121799'), (N'Callum Bentley', '01995693199'), (N'Leilani Solis', '21215518699'), (N'Cora Carlson', '66705537699'), (N'Reese Mann', '01400349199'), (N'August Patrick', '90233541199');
--RepairParts
--Repairs
INSERT INTO Location.Repairs (RepairName, LaborCost, [Status])
VALUES	(N'fringilla euismod', '$3.67', 'Complete'), (N'amet, risus.', '$7.37', 'Complete'), (N'cursus in, ', '$7.80', 'Complete'), (N'parturient montes, ', '$5.91', 'In Progress'), (N'Donec consectetuer', '$0.26', 'In Progress'), (N'Nullam velit', '$0.40', 'Complete'), (N'Ut nec', '$8.80', 'Complete'), (N'neque. Sed', '$7.43', 'Complete'), (N'amet massa.', '$3.38', 'In Progress'), (N'rutrum. Fusce', '$0.43', 'In Progress'),
		(N'diam. Pellentesque', '$1.98', 'Complete'), (N'Duis mi', '$3.33', 'Complete'), (N'netus et', '$5.29', 'Complete'), (N'Cras sed', '$9.90', 'Complete'), (N'vitae, posuere', '$9.81', 'Complete'), (N'Donec egestas.', '$2.79', 'In Progress'), (N'malesuada malesuada.', '$8.15', 'In Progress'), (N'In condimentum.', '$1.49', 'In Progress'), (N'lorem ac', '$2.10', 'In Progress'), (N'sit amot, ', '$2.17', 'In Progress'),
		(N'bibendum sed, ', '$2.24', 'In Progress'), (N'sit amet, ', '$9.84', 'Complete'), (N'ultricies sem', '$7.88', 'Complete'), (N'dictum. Phasellus', '$4.68', 'In Progress'), (N'eu, eleifend', '$5.56', 'Complete'), (N'Vivamus molestie', '$2.14', 'Complete'), (N'dolor. Nulla', '$5.96', 'Complete'), (N'nisl. Quisque', '$0.06', 'Complete'), (N'sagittis augue, ', '$1.80', 'In Progress'), (N'Door sceleris', '$1.57', 'Complete'),
		(N'Quisque imperdiet, ', '$5.55', 'Complete'), (N'neque et', '$2.18', 'In Progress'), (N'pede blandit', '$9.60', 'Complete'), (N'mauris id', '$5.90', 'In Progress'), (N'penatibus et', '$0.99', 'Complete'), (N'egestas a, ', '$9.59', 'In Progress'), (N'et pede.', '$4.43', 'In Progress'), (N'ullamcorper, velit', '$1.54', 'In Progress'), (N'Fusce aliquam, ', '$2.39', 'In Progress'), (N'erat. Etiam', '$5.78', 'Complete'),
		(N'vitae, erat.', '$7.67', 'Complete'), (N'magnis dis', '$8.69', 'In Progress'), (N'Nullam scelerisque', '$5.01', 'In Progress'), (N'quis, pede.', '$0.99', 'Complete'), (N'parturient montos, ', '$3.08', 'In Progress'), (N'pede ac', '$4.80', 'In Progress'), (N'Vivamus euismod', '$4.25', 'Complete'), (N'libero at', '$2.20', 'Complete'), (N'dui, nec', '$7.58', 'In Progress'), (N'Fusce fermentum', '$8.85', 'In Progress'),
		(N'non nisi.', '$6.80', 'In Progress'), (N'ipsum ac', '$4.71', 'Complete'), (N'diam. Duis', '$1.19', 'Complete'), (N'Morbi metus.', '$2.70', 'Complete'), (N'semper tellus', '$8.77', 'Complete'), (N'euismod in, ', '$9.14', 'In Progress'), (N'Sed dictum.', '$9.69', 'In Progress'), (N'et malesuada', '$0.05', 'Complete'), (N'malesuada fames', '$7.36', 'Complete'), (N'ut eros', '$9.11', 'Complete'),
		(N'Proin vel', '$8.92', 'Complete'), (N'adipiscing elit.', '$9.50', 'Complete'), (N'lectus, a', '$6.82', 'In Progress'), (N'imperdiet non, ', '$5.89', 'Complete'), (N'facilisi. Sed', '$0.87', 'In Progress'), (N'viverra. Maecenas', '$5.79', 'In Progress'), (N'lorem lorem, ', '$9.86', 'Complete'), (N'Aenean eget', '$2.79', 'In Progress'), (N'Car condimentum.', '$4.44', 'In Progress'), (N'Mauris non', '$8.26', 'Complete'),
		(N'dolor dolor, ', '$5.13', 'In Progress'), (N'ac, eleifend', '$5.08', 'In Progress'), (N'In scelerisque', '$9.97', 'In Progress'), (N'ut ipsum', '$6.04', 'In Progress'), (N'sed consequat', '$3.55', 'Complete'), (N'et magnis', '$4.85', 'Complete'), (N'elit. Aliquam', '$2.20', 'In Progress'), (N'pellentesque eget, ', '$5.99', 'Complete'), (N'turpis non', '$5.80', 'In Progress'), (N'scelerisque dui.', '$6.00', 'In Progress'),
		(N'posuere at, ', '$4.54', 'Complete'), (N'rutrum magna.', '$0.36', 'In Progress'), (N'vitae, orci.', '$9.19', 'Complete'), (N'euismod est', '$1.78', 'In Progress'), (N'id, blandit', '$4.73', 'In Progress'), (N'iaculis odio.', '$4.28', 'Complete'), (N'molestie in, ', '$9.32', 'Complete'), (N'Donec felis', '$2.88', 'Complete'), (N'dapibus gravida.', '$7.60', 'Complete'), (N'eros turpis', '$0.67', 'In Progress'),
		(N'imperdiet, erat', '$3.19', 'Complete'), (N'Ut semper', '$7.12', 'Complete'), (N'sed sem', '$0.88', 'Complete'), (N'Donec tempus, ', '$4.68', 'In Progress'), (N'nec mauris', '$6.43', 'In Progress'), (N'id enim.', '$9.73', 'Complete'), (N'orci, adipiscing', '$8.28', 'In Progress'), (N'a, dui.', '$2.06', 'Complete'), (N'odio a', '$3.38', 'Complete'), (N'sit amat', '$9.81', 'Complete');
--Employees
INSERT INTO Location.Employees (EmployeeName, [Hours]) 
 VALUES	(N'Travis French', '2020-11-29 02:25:49'), (N'Wynter Horn', '2021-09-25 18:00:00'), (N'Illana Everett', '2022-03-20 17:39:15'), (N'Ulric Mcfadden', '2021-05-10 03:52:58'), (N'Azalia Guthrie', '2020-12-15 05:59:39'), (N'Erica Roberson', '2020-10-08 12:01:54'), (N'Anjolie Rollins', '2022-02-01 14:22:26'), (N'Paul Weaver', '2021-08-23 15:17:27'), (N'Barclay Pierce', '2022-01-15 21:34:01'), (N'Kristen Valenzuela', '2020-04-20 06:56:49'), 		
		(N'Nomlanga Sykes', '2022-05-13 19:34:10'), (N'Jermaine Blankenship', '2022-02-01 19:09:34'), (N'Brittany Holcomb', '2022-02-26 17:30:32'), (N'Fallon Fitzgerald', '2020-07-28 08:35:27'), (N'Aretha Morgan', '2021-05-11 03:20:58'), (N'Lila Malone', '2020-12-04 17:06:05'), (N'Byron Simmons', '2021-10-14 18:12:28'), (N'Gisela Lancaster', '2021-03-13 07:36:47'), (N'Sydney Hester', '2021-02-12 06:31:10'), (N'Ebony Jackson', '2021-07-10 06:20:40'), 
		(N'Shannon Colon', '2021-09-15 18:34:08'), (N'August Lloyd', '2020-04-25 01:31:13'), (N'Levi Garrison', '2021-06-25 13:59:12'), (N'Lynn Mclean', '2021-07-11 13:20:36'), (N'Elliott Hampton', '2021-06-21 22:37:43'), (N'Kennedy Patterson', '2021-02-19 07:43:20'), (N'Clayton Avila', '2020-10-29 12:58:03'), (N'Brynne Horton', '2021-08-31 06:48:58'), (N'Rudyard Nash', '2021-11-02 10:14:24'), (N'Sandra Avery', '2021-10-03 16:59:29'), 
		(N'Mariam Donovan', '2022-01-17 03:23:53'), (N'Teegan Buckner', '2020-11-04 07:01:16'), (N'Darryl Wiggins', '2020-07-28 10:46:26'), (N'Galena Lara', '2021-10-26 16:02:51'), (N'Evangeline Shelton', '2021-09-19 05:55:03'), (N'Reuben Stevens', '2022-01-31 11:07:34'), (N'Hanae Rosario', '2021-06-09 07:28:36'), (N'Kathleen Watkins', '2020-08-25 15:16:25'), (N'Jesse Guy', '2020-04-20 23:07:42'), (N'Laura Hanson', '2021-08-03 22:25:22'), 
		(N'Eaton Bradshaw', '2021-08-20 01:46:26'), (N'Dora Martinez', '2022-06-05 13:01:43'), (N'Malachi Schneider', '2021-06-08 05:51:22'), (N'Cassady Harper', '2021-11-01 02:21:12'), (N'Logan Diaz', '2021-01-30 11:50:27'), (N'Nora Phillips', '2021-02-27 02:04:24'), (N'Alexandra Mills', '2020-11-22 11:03:47'), (N'Merrill Eaton', '2022-02-06 08:38:59'), (N'Charity Elliott', '2022-06-09 01:12:28'), (N'Wayne Ferrell', '2022-05-15 08:29:21'), 
		(N'Clare Wolf', '2022-03-15 08:41:46'), (N'Tana Barry', '2021-12-18 04:18:39'), (N'Jane Fitzpatrick', '2020-11-15 00:19:35'), (N'Allen Roy', '2020-07-11 17:00:37'), (N'Cyrus Salazar', '2020-12-31 21:06:10'), (N'Tanner Miller', '2020-11-14 11:22:19'), (N'Brenda Salazar', '2021-02-04 19:42:49'), (N'Nasim Myers', '2020-10-08 05:03:11'), (N'Iliana Cook', '2020-04-23 20:26:02'), (N'Holly Larsen', '2022-05-04 12:14:18'), 
		(N'Simon Wilder', '2022-04-04 02:58:55'), (N'Olivia Potter', '2020-08-17 14:55:30'), (N'Carson Saunders', '2020-06-03 19:18:52'), (N'Amber Duran', '2022-05-14 02:49:40'), (N'Benedict Alexander', '2021-05-07 15:51:08'), (N'Yvette Gibson', '2021-06-13 05:31:35'), (N'Dora Richards', '2020-08-07 19:33:36'), (N'Azalia Brennan', '2020-05-31 01:33:32'), (N'Cole Henderson', '2020-07-11 07:22:43'), (N'Moana Lott', '2021-01-27 07:02:13'), 
		(N'Colleen Mcleod', '2022-02-27 00:57:10'), (N'Naomi Ramirez', '2021-01-09 19:14:23'), (N'Gretchen Avery', '2020-12-05 02:16:23'), (N'Theodore Long', '2021-03-12 19:44:28'), (N'Rashad Hunter', '2021-10-18 16:11:10'), (N'Zorita Buckner', '2021-11-28 11:39:27'), (N'Odysseus Michael', '2020-10-14 21:09:27'), (N'Nina Potts', '2021-06-20 14:36:34'), (N'Sigourney Norman', '2022-03-28 05:47:26'), (N'Jordan Riggs', '2021-07-19 15:09:37'), 
		(N'Norman Abbott', '2021-05-05 19:53:43'), (N'Luke Cunningham', '2021-08-22 19:54:18'), (N'Logan Guthrie', '2021-12-25 14:06:13'), (N'Galena Gillespie', '2022-01-19 05:53:52'), (N'Thor Doyle', '2020-07-17 13:02:40'), (N'Geraldine Gonzales', '2020-06-01 11:45:11'), (N'Kellie Bates', '2021-01-12 07:17:08'), (N'Suki Marks', '2020-07-30 14:42:42'), (N'Aristotle Webb', '2021-12-18 18:29:26'), (N'Macey Hammond', '2021-07-29 20:50:27'), 
		(N'Cyrus Stokes', '2020-08-24 18:55:18'), (N'Britanni Ryan', '2021-01-22 22:30:23'), (N'Morgan Kidd', '2020-10-11 23:42:09'), (N'Farrah Carr', '2021-10-06 01:34:49'), (N'Bernard Witt', '2020-09-25 12:43:01'), (N'Connor Lindsey', '2020-10-06 07:45:43'), (N'Nash Johns', '2021-08-04 05:41:13'), (N'Colby Foreman', '2021-09-10 01:54:17'), (N'Clare Bowers', '2020-07-27 19:18:21'), (N'Deirdre Meadows', '2020-11-16 02:51:25');
--EmployeesRepairs